{"stats":{"minecraft:killed":{"undead:sucker":5,"minecraft:spider":12,"undead:zombiecow":3,"minecraft:slime":1,"minecraft:skeleton":9,"undead:spitter":2,"undead:themoonflower":4,"majruszs_difficulty:creeperling":2,"minecraft:salmon":5,"minecraft:bat":1,"morezombies:zombie_spitter":2,"minecraft:creeper":8,"minecraft:squid":3,"morezombies:furiouszombie":2,"minecraft:sheep":5,"minecraft:zombie":38,"undead:thestone":1,"morezombies:zombierunner":4},"minecraft:custom":{"minecraft:interact_with_anvil":2,"minecraft:mob_kills":94,"minecraft:interact_with_crafting_table":68,"minecraft:damage_dealt_resisted":137,"minecraft:leave_game":2,"minecraft:time_since_death":22023,"minecraft:climb_one_cm":16373,"minecraft:sprint_one_cm":627125,"minecraft:walk_one_cm":781965,"minecraft:damage_blocked_by_shield":910,"minecraft:drop":185,"minecraft:deaths":14,"minecraft:sneak_time":13035,"minecraft:walk_under_water_one_cm":17007,"minecraft:jump":4020,"minecraft:walk_on_water_one_cm":61548,"minecraft:interact_with_furnace":24,"minecraft:play_one_minute":316349,"minecraft:sleep_in_bed":13,"minecraft:time_since_rest":21237,"minecraft:damage_taken":5582,"minecraft:damage_dealt":9136,"minecraft:swim_one_cm":31263,"minecraft:fly_one_cm":534357,"minecraft:open_chest":361,"minecraft:crouch_one_cm":29263,"minecraft:fall_one_cm":115068},"minecraft:mined":{"minecraft:oak_sapling":5,"gravestone:gravestone":11,"minecraft:granite":7,"minecraft:grass_block":88,"minecraft:iron_ore":113,"minecraft:andesite":10,"pamhc2trees:pamapple":8,"minecraft:stone":252,"minecraft:brown_mushroom":1,"minecraft:crafting_table":4,"minecraft:torch":3,"minecraft:poppy":3,"minecraft:tall_grass":14,"minecraft:cobblestone":7,"pamhc2crops:shadedgarden":14,"minecraft:oak_planks":7,"minecraft:diorite":5,"minecraft:wall_torch":3,"minecraft:spruce_log":1,"minecraft:birch_leaves":3,"minecraft:grass":42,"pamhc2crops:soggygarden":4,"minecraft:coal_ore":355,"minecraft:oak_log":12,"minecraft:sand":44,"minecraft:gravel":4,"minecraft:dirt":50,"minecraft:oak_leaves":28,"quark:root":6},"minecraft:used":{"minecraft:stone_sword":74,"minecraft:stone_shovel":135,"pamhc2crops:juniperberryitem":7,"spartanweaponry:boomerang_wood":25,"spartanweaponry:katana_stone":68,"pamhc2crops:tomatoitem":14,"minecraft:rotten_flesh":4,"minecraft:torch":67,"minecraft:dirt":41,"minecraft:carrot":2,"minecraft:granite":2,"pamhc2trees:avocadoitem":12,"minecraft:snowball":6,"minecraft:wooden_axe":26,"pamhc2crops:spiceleafitem":10,"minecraft:cooked_beef":3,"minecraft:cooked_mutton":1,"minecraft:water_bucket":17,"pamhc2crops:turnipitem":6,"pamhc2trees:walnutitem":12,"pamhc2trees:cherryitem":24,"minecraft:stone_pickaxe":740,"minecraft:oak_planks":7,"minecraft:wooden_pickaxe":17,"minecraft:sand":1,"minecraft:crafting_table":5,"pamhc2trees:gooseberryitem":12,"spartanshields:shield_basic_stone":28,"spartanweaponry:boomerang_stone":134,"minecraft:apple":7,"minecraft:bread":1,"pamhc2trees:pawpawitem":5,"quark:root_item":2,"minecraft:stone_axe":83,"spartanshields:shield_basic_wood":2,"spartanweaponry:saber_iron":1,"minecraft:wooden_sword":61,"minecraft:cobblestone":104,"minecraft:bucket":18,"minecraft:bone_meal":3},"minecraft:dropped":{"minecraft:wheat_seeds":5,"pamhc2crops:turnipseeditem":1,"pamhc2crops:turnipitem":1,"pamhc2crops:waterchestnutseeditem":1,"minecraft:crafting_table":1,"pamhc2crops:whitemushroomseeditem":1,"woodarmor:wooden_chestplate":1,"minecraft:cobblestone":159,"minecraft:apple":3,"pamhc2crops:sweetpotatoseeditem":1,"minecraft:stick":64,"pamhc2crops:beanitem":2,"pamhc2crops:zucchiniseeditem":1,"pamhc2crops:cauliflowerseeditem":1,"spartanshields:shield_tower_wood":1,"minecraft:ink_sac":5,"minecraft:wooden_axe":2,"pamhc2crops:radishitem":2,"morezombies:zombieeye":1,"pamhc2trees:pawpawitem":2,"gravestone:obituary":11,"woodarmor:wooden_boots":1,"woodarmor:wooden_helmet":1,"pamhc2crops:scallionseeditem":1,"pamhc2crops:milletseeditem":1,"woodarmor:wooden_leggings":1,"minecraft:white_wool":2,"minecraft:spruce_sapling":2,"minecraft:dandelion":2,"pamhc2crops:tomatoitem":2,"pamhc2crops:radishseeditem":1,"pamhc2crops:celeryseeditem":1,"spartanweaponry:boomerang_wood":5,"pamhc2crops:oatsitem":10,"minecraft:rotten_flesh":12,"pamhc2crops:blackberryseeditem":1,"undead:blackpetal":3,"pamhc2crops:leekitem":1,"spartanweaponry:boomerang_stone":4,"pamhc2crops:garlicitem":1,"minecraft:poppy":1,"undead:zombiecowmuscle":2,"minecraft:gunpowder":3,"pamhc2crops:oatsseeditem":1,"pamhc2crops:rhubarbitem":1,"pamhc2crops:tomatoseeditem":1,"minecraft:oak_sapling":42,"minecraft:spruce_log":26,"minecraft:arrow":4,"minecraft:bow":1,"pamhc2crops:leekseeditem":1,"pamhc2crops:huckleberryseeditem":1,"pamhc2crops:jicamaseeditem":1,"minecraft:black_wool":1},"minecraft:broken":{"minecraft:stone_pickaxe":5,"woodarmor:stone_helmet":1,"minecraft:wooden_sword":1,"minecraft:stone_axe":1,"minecraft:wooden_axe":1},"minecraft:picked_up":{"minecraft:crafting_table":4,"pamhc2crops:kohlrabiitem":5,"pamhc2crops:juniperberryitem":4,"minecraft:brown_mushroom":1,"minecraft:wooden_pickaxe":1,"pamhc2crops:oatsitem":20,"gravestone:obituary":1,"pamhc2trees:avocadoitem":12,"minecraft:string":17,"minecraft:wooden_sword":1,"spartanweaponry:katana_stone":1,"minecraft:bucket":1,"pamhc2crops:beanitem":8,"pamhc2crops:tomatoitem":18,"minecraft:poppy":2,"quark:root_item":2,"pamhc2crops:garlicitem":12,"minecraft:stick":95,"undead:zombiecowmuscle":2,"minecraft:torch":15,"pamhc2trees:pawpawitem":11,"undead:blackpetal":3,"pamhc2crops:whitemushroomitem":1,"minecraft:diorite":5,"minecraft:carrot":2,"pamhc2crops:spiceleafitem":9,"minecraft:arrow":11,"minecraft:rotten_flesh":50,"pamhc2crops:milletitem":1,"pamhc2crops:quinoaitem":4,"pamhc2crops:jicamaitem":1,"pamhc2crops:rutabagaitem":4,"pamhc2trees:gooseberryitem":12,"morezombies:zombieeye":5,"spartanshields:shield_tower_wood":1,"pamhc2crops:rhubarbitem":3,"pamhc2crops:scallionitem":1,"minecraft:mutton":5,"undead:blackbandage":2,"minecraft:cobblestone":286,"minecraft:snowball":23,"minecraft:white_wool":4,"quark:music_disc_wind":1,"tac:round45":130,"minecraft:salmon":4,"minecraft:andesite":10,"minecraft:flint":1,"minecraft:oak_log":142,"pamhc2trees:walnutitem":13,"minecraft:gunpowder":10,"pamhc2trees:cherryitem":31,"minecraft:dirt":143,"tac:m1911":2,"pamhc2crops:leekitem":2,"minecraft:cooked_mutton":1,"minecraft:bone":17,"minecraft:apple":13,"minecraft:bow":1,"minecraft:wheat_seeds":5,"pamhc2crops:mulberryitem":1,"pamhc2crops:turnipitem":8,"minecraft:stone_pickaxe":3,"minecraft:iron_ore":113,"pamhc2crops:blackberryitem":2,"spartanweaponry:saber_iron":1,"minecraft:oak_planks":60,"pamhc2crops:zucchiniitem":12,"spartanweaponry:scythe_iron":1,"minecraft:dandelion":2,"minecraft:gravel":2,"minecraft:sand":42,"minecraft:spruce_sapling":9,"minecraft:ink_sac":5,"minecraft:spruce_log":49,"minecraft:spider_eye":5,"pamhc2crops:radishitem":6,"minecraft:slime_ball":2,"pamhc2crops:huckleberryitem":6,"minecraft:granite":3,"pamhc2crops:waterchestnutitem":1,"minecraft:bone_meal":3,"minecraft:oak_sapling":77,"minecraft:black_wool":1,"minecraft:coal":348},"minecraft:killed_by":{"minecraft:spider":1,"undead:sucker":2,"undead:theheavy":1,"minecraft:skeleton":4,"minecraft:zombie":3,"majruszs_difficulty:creeperling":1,"morezombies:furiouszombie":1},"minecraft:crafted":{"minecraft:oak_planks":124,"minecraft:stone_shovel":2,"pamhc2crops:turnipseeditem":1,"woodarmor:stone_boots":2,"pamhc2crops:blackberryseeditem":1,"minecraft:bone_meal":3,"spartanshields:shield_basic_stone":1,"pamhc2crops:whitemushroomseeditem":1,"woodarmor:stone_leggings":2,"pamhc2crops:scallionseeditem":1,"pamhc2crops:milletseeditem":1,"woodarmor:stone_helmet":2,"pamhc2crops:sweetpotatoseeditem":1,"minecraft:stone_pickaxe":5,"woodarmor:wooden_leggings":1,"pamhc2crops:waterchestnutseeditem":1,"spartanshields:shield_basic_wood":2,"minecraft:cooked_beef":3,"woodarmor:wooden_chestplate":1,"pamhc2crops:huckleberryseeditem":1,"minecraft:crafting_table":3,"pamhc2crops:jicamaseeditem":1,"pamhc2crops:radishseeditem":1,"minecraft:stone_axe":2,"pamhc2crops:celeryseeditem":1,"pamhc2crops:zucchiniseeditem":1,"pamhc2crops:oatsseeditem":1,"spartanweaponry:boomerang_stone":4,"minecraft:stick":32,"minecraft:wooden_axe":3,"minecraft:stone_sword":2,"pamhc2crops:cauliflowerseeditem":1,"woodarmor:stone_chestplate":2,"pamhc2crops:tomatoseeditem":1,"minecraft:torch":116,"spartanweaponry:boomerang_wood":1,"woodarmor:wooden_helmet":1,"woodarmor:wooden_boots":1,"pamhc2crops:leekseeditem":1}},"DataVersion":2586}