{"stats":{"minecraft:killed":{"minecraft:spider":26,"undead:zombiecow":1,"undead:theheavy":2,"minecraft:skeleton":19,"minecraft:chicken":3,"undead:spitter":3,"undead:thebomber":1,"minecraft:pig":1,"minecraft:zombie_villager":1,"morezombies:zombie_spitter":1,"minecraft:creeper":14,"morezombies:furiouszombie":1,"minecraft:sheep":4,"minecraft:zombie":74,"undead:thehunter":2,"minecraft:cow":11,"undead:sucker":4,"minecraft:slime":3,"minecraft:drowned":1,"undead:themoonflower":23,"majruszs_difficulty:creeperling":1,"minecraft:bat":2,"undead:thescreamer":1,"morezombies:zombierunner":5,"minecraft:enderman":2},"minecraft:custom":{"minecraft:interact_with_crafting_table":111,"minecraft:leave_game":3,"minecraft:time_since_death":22120,"minecraft:sprint_one_cm":340135,"minecraft:damage_blocked_by_shield":805,"minecraft:drop":64,"minecraft:talked_to_villager":1,"minecraft:deaths":6,"minecraft:jump":2793,"minecraft:walk_on_water_one_cm":32602,"minecraft:interact_with_furnace":109,"minecraft:play_one_minute":310064,"minecraft:sleep_in_bed":14,"minecraft:damage_dealt":27728,"minecraft:crouch_one_cm":37993,"minecraft:horse_one_cm":37251,"minecraft:mob_kills":229,"minecraft:interact_with_anvil":3,"minecraft:damage_dealt_resisted":445,"minecraft:climb_one_cm":8185,"minecraft:walk_one_cm":1170260,"minecraft:sneak_time":21388,"minecraft:walk_under_water_one_cm":10036,"minecraft:time_since_rest":21846,"minecraft:damage_taken":4928,"minecraft:swim_one_cm":15368,"minecraft:fly_one_cm":263025,"minecraft:open_chest":445,"minecraft:fall_one_cm":44601},"minecraft:used":{"minecraft:poppy":12,"minecraft:ladder":9,"minecraft:rotten_flesh":55,"pamhc2crops:peasseeditem":2,"pamhc2crops:juteseeditem":2,"pamhc2crops:blackberryseeditem":3,"pamhc2crops:jicamaseeditem":1,"pamhc2crops:zucchiniseeditem":10,"pamhc2crops:sweetpotatoseeditem":4,"pamhc2crops:zucchiniitem":1,"pamhc2crops:rhubarbseeditem":2,"minecraft:snowball":4,"pamhc2crops:tomatoseeditem":4,"pamhc2crops:celeryseeditem":2,"pamhc2crops:cauliflowerseeditem":1,"ironfurnaces:iron_furnace":1,"minecraft:furnace":2,"minecraft:oak_sapling":18,"pamhc2crops:spinachseeditem":1,"minecraft:potato":1,"pamhc2crops:kohlrabiseeditem":2,"pamhc2crops:mulberryseeditem":2,"pamhc2trees:spiderweb_sapling":1,"minecraft:diorite":2,"pamhc2trees:cherryitem":12,"minecraft:stone_pickaxe":143,"minecraft:oak_planks":6,"pamhc2trees:cherry_sapling":1,"pamhc2foodcore:fruitpunchitem":6,"minecraft:wooden_pickaxe":17,"pamhc2crops:juniperberryseeditem":1,"minecraft:sugar_cane":6,"pamhc2crops:cabbageseeditem":1,"pamhc2crops:spiceleafseeditem":3,"pamhc2crops:leekseeditem":3,"minecraft:black_bed":2,"pamhc2crops:beanseeditem":1,"spartanshields:shield_tower_iron":16,"pamhc2crops:huckleberryseeditem":3,"pamhc2crops:garlicseeditem":4,"minecraft:gravel":2,"spartanweaponry:saber_iron":35,"minecraft:wooden_sword":60,"pamhc2trees:lemonitem":7,"minecraft:andesite":6,"pamhc2crops:okraseeditem":1,"pamhc2crops:turnipseeditem":3,"pamhc2crops:waterchestnutseeditem":1,"minecraft:bone_meal":42,"ironchest:wood_to_iron_chest_upgrade":1,"spartanweaponry:battleaxe_stone":119,"minecraft:stone_sword":131,"minecraft:stone_shovel":239,"pamhc2crops:beanitem":1,"spartanweaponry:boomerang_wood":30,"minecraft:stone_hoe":90,"minecraft:torch":98,"minecraft:dirt":60,"minecraft:anvil":1,"pamhc2crops:raspberryseeditem":2,"pamhc2trees:avocadoitem":4,"pamhc2crops:whitemushroomseeditem":2,"minecraft:granite":1,"pamhc2crops:tealeafseeditem":3,"spartanshields:shield_tower_wood":16,"minecraft:wooden_axe":58,"pamhc2crops:quinoaseeditem":1,"pamhc2trees:apple_sapling":1,"pamhc2crops:milletseeditem":1,"pamhc2crops:rutabagaseeditem":1,"minecraft:wheat_seeds":6,"minecraft:cooked_mutton":9,"tac:workbench":1,"minecraft:water_bucket":11,"spartanweaponry:boomerang_iron":28,"pamhc2crops:ryeseeditem":1,"pamhc2crops:oatsseeditem":3,"minecraft:crafting_table":7,"spartanweaponry:boomerang_stone":34,"pamhc2trees:gooseberryitem":4,"minecraft:white_bed":2,"minecraft:spruce_log":10,"minecraft:oak_log":3,"minecraft:apple":1,"pamhc2trees:pawpawitem":5,"minecraft:iron_pickaxe":247,"spartanweaponry:lance_iron":3,"quark:root_item":5,"minecraft:spruce_sapling":4,"minecraft:stone_axe":81,"pamhc2crops:scallionseeditem":3,"pamhc2crops:leekitem":5,"minecraft:cobblestone":81,"pamhc2crops:radishseeditem":4,"minecraft:bucket":12,"quark:oak_chest":13},"minecraft:mined":{"minecraft:white_bed":1,"minecraft:oak_sapling":17,"minecraft:farmland":2,"minecraft:grass_block":128,"pamhc2crops:pamleekcrop":1,"minecraft:iron_ore":150,"minecraft:clay":19,"minecraft:torch":1,"minecraft:poppy":1,"minecraft:cobblestone":10,"pamhc2crops:shadedgarden":30,"minecraft:sugar_cane":10,"minecraft:wall_torch":3,"minecraft:birch_sapling":1,"minecraft:birch_log":2,"minecraft:black_bed":1,"minecraft:grass":66,"minecraft:oak_log":2,"minecraft:sand":62,"minecraft:dirt":11,"minecraft:oak_leaves":10,"gravestone:gravestone":3,"minecraft:spruce_leaves":1,"minecraft:spruce_sapling":14,"minecraft:furnace":2,"minecraft:snow":50,"minecraft:stripped_spruce_log":3,"pamhc2trees:pamapple":3,"minecraft:stripped_oak_log":3,"minecraft:stone":77,"quark:oak_chest":1,"minecraft:crafting_table":3,"minecraft:tall_grass":8,"minecraft:spruce_log":7,"pamhc2crops:soggygarden":2,"minecraft:coal_ore":167,"pamhc2crops:frostgarden":21,"quark:root":8},"minecraft:dropped":{"minecraft:porkchop":1,"pamhc2trees:cherryitem":12,"undead:blackbandage":2,"tac:round45":130,"spartanweaponry:battleaxe_stone":1,"tac:m1911":2,"pamhc2trees:chestnutitem":11,"morezombies:zombieeye":5,"gravestone:obituary":4,"minecraft:wooden_sword":2,"spartanweaponry:katana_stone":1,"minecraft:stone_axe":2,"spartanweaponry:saber_iron":1,"minecraft:rotten_flesh":18,"minecraft:oak_planks":3,"minecraft:cooked_mutton":1,"spartanweaponry:boomerang_stone":3,"woodarmor:stone_helmet":1,"minecraft:wheat_seeds":10,"minecraft:cobblestone":2,"minecraft:stick":2,"pamhc2crops:beanitem":7,"spartanshields:shield_tower_wood":1,"minecraft:torch":27,"pamhc2trees:pawpawitem":8,"minecraft:bucket":1,"minecraft:spruce_sapling":16,"spartanweaponry:scythe_iron":1,"spartanweaponry:boomerang_wood":4,"minecraft:light_gray_wool":1,"minecraft:spider_eye":6,"minecraft:slime_ball":2,"minecraft:bow":1,"minecraft:wooden_pickaxe":1,"minecraft:stone_pickaxe":5},"minecraft:broken":{"minecraft:wooden_sword":1,"minecraft:stone_axe":1,"minecraft:wooden_axe":4,"minecraft:stone_shovel":1,"minecraft:stone_sword":1,"minecraft:iron_pickaxe":1,"spartanweaponry:boomerang_wood":1},"minecraft:picked_up":{"minecraft:wooden_axe":2,"pamhc2crops:juniperberryitem":1,"pamhc2crops:oatsitem":3,"pamhc2trees:avocadoitem":16,"pamhc2crops:turnipseeditem":1,"woodarmor:wooden_leggings":1,"pamhc2crops:zucchiniseeditem":1,"minecraft:string":65,"pamhc2crops:blackberryseeditem":1,"woodarmor:stone_boots":1,"pamhc2crops:milletseeditem":1,"spartanweaponry:battleaxe_stone":1,"pamhc2crops:beanitem":16,"pamhc2crops:tomatoitem":9,"minecraft:iron_pickaxe":2,"quark:root_item":7,"pamhc2crops:oatsseeditem":1,"minecraft:furnace":2,"minecraft:stick":140,"pamhc2crops:celeryseeditem":1,"minecraft:torch":110,"pamhc2crops:whitemushroomseeditem":1,"minecraft:porkchop":2,"tac:small_extended_mag":1,"undead:blackpetal":9,"pamhc2crops:whitemushroomitem":2,"pamhc2crops:sweetpotatoitem":11,"pamhc2crops:cabbageitem":1,"pamhc2crops:spiceleafitem":2,"minecraft:rotten_flesh":231,"woodarmor:stone_chestplate":1,"pamhc2crops:quinoaitem":1,"spartanshields:shield_tower_wood":1,"pamhc2crops:scallionitem":2,"minecraft:snowball":27,"minecraft:cobblestone":271,"minecraft:birch_log":21,"tac:round45":792,"minecraft:feather":4,"minecraft:water_bucket":1,"minecraft:black_bed":1,"minecraft:potato":1,"pamhc2crops:caulifloweritem":1,"pamhc2crops:jicamaseeditem":1,"pamhc2trees:cherryitem":55,"woodarmor:wooden_helmet":1,"minecraft:lapis_lazuli":17,"minecraft:dirt":183,"minecraft:bone":36,"minecraft:bow":2,"minecraft:wheat_seeds":16,"pamhc2crops:mulberryitem":13,"pamhc2crops:turnipitem":1,"minecraft:oak_planks":9,"woodarmor:wooden_boots":1,"minecraft:sand":64,"minecraft:stripped_spruce_log":3,"pamhc2crops:huckleberryseeditem":1,"minecraft:ink_sac":5,"pamhc2crops:radishitem":11,"woodarmor:wooden_chestplate":1,"woodarmor:stone_leggings":1,"pamhc2crops:huckleberryitem":16,"minecraft:oak_sapling":104,"minecraft:crafting_table":4,"pamhc2crops:kohlrabiitem":2,"pamhc2crops:sweetpotatoseeditem":1,"minecraft:chicken":3,"minecraft:clay_ball":76,"pamhc2crops:ryeitem":1,"minecraft:wooden_sword":1,"pamhc2crops:raspberryitem":11,"minecraft:beef":43,"minecraft:poppy":12,"minecraft:iron_nugget":18,"minecraft:light_gray_wool":1,"minecraft:sugar_cane":25,"minecraft:birch_sapling":7,"pamhc2crops:cauliflowerseeditem":1,"pamhc2crops:garlicitem":4,"undead:zombiecowmuscle":5,"pamhc2crops:leekseeditem":1,"pamhc2crops:celeryitem":9,"pamhc2trees:pawpawitem":49,"pamhc2crops:spinachitem":1,"minecraft:redstone":9,"pamhc2foodcore:fruitpunchitem":21,"pamhc2trees:chestnutitem":24,"minecraft:arrow":40,"pamhc2crops:tomatoseeditem":1,"pamhc2crops:waterchestnutseeditem":1,"pamhc2crops:rutabagaitem":1,"pamhc2trees:gooseberryitem":16,"morezombies:zombieeye":13,"minecraft:mutton":7,"spartanshields:shield_tower_iron":1,"minecraft:white_wool":9,"minecraft:stripped_oak_log":3,"minecraft:leather":18,"pamhc2crops:scallionseeditem":1,"quark:music_disc_rain":1,"minecraft:oak_log":159,"pamhc2trees:lemonitem":7,"pamhc2crops:juteitem":2,"minecraft:gunpowder":18,"pamhc2trees:walnutitem":4,"undead:bloodshell_helmet":1,"pamhc2crops:tealeafitem":11,"tac:m1911":3,"pamhc2crops:leekitem":7,"pamhc2crops:radishseeditem":1,"minecraft:apple":19,"minecraft:stone_pickaxe":5,"minecraft:iron_ingot":14,"quark:tallow":4,"minecraft:iron_ore":164,"pamhc2crops:blackberryitem":17,"pamhc2crops:zucchiniitem":10,"pamhc2crops:peasitem":2,"undead:acidgoo":1,"pamhc2crops:okraitem":6,"minecraft:spruce_sapling":48,"minecraft:white_bed":1,"minecraft:spruce_log":131,"minecraft:gold_ore":1,"quark:oak_chest":1,"minecraft:spider_eye":6,"minecraft:slime_ball":6,"tac:blank_skin_mod_lvl1":1,"minecraft:stone_axe":1,"minecraft:black_wool":1,"minecraft:coal":174,"minecraft:ender_pearl":2},"minecraft:killed_by":{"minecraft:creeper":1,"undead:sucker":1,"minecraft:zombie":1,"minecraft:skeleton":1,"morezombies:furiouszombie":2},"minecraft:crafted":{"minecraft:brick":0,"minecraft:black_dye":3,"minecraft:oak_planks":280,"pamhc2foodcore:groundbeefitem":20,"spartanweaponry:scythe_iron":1,"pamhc2crops:turnipseeditem":2,"usefulbackpacks:backpack_small":1,"woodarmor:stone_boots":1,"ironfurnaces:iron_furnace":1,"spartanweaponry:battleaxe_stone":1,"pamhc2crops:whitemushroomseeditem":1,"minecraft:cooked_mutton":10,"pamhc2crops:juniperberryseeditem":1,"pamhc2crops:scallionseeditem":2,"pamhc2crops:spinachseeditem":1,"pamhc2foodcore:grinderitem":1,"pamhc2crops:mulberryseeditem":2,"woodarmor:wooden_leggings":1,"spartanweaponry:lance_iron":1,"minecraft:black_wool":2,"minecraft:stone_hoe":1,"pamhc2crops:beanseeditem":1,"spartanshields:shield_tower_iron":1,"pamhc2foodcore:cuttingboarditem":1,"pamhc2crops:huckleberryseeditem":2,"woodarmor:wooden_chestplate":1,"pamhc2foodcore:bakewareitem":1,"tac:skin_black":1,"minecraft:crafting_table":3,"minecraft:wooden_pickaxe":1,"spartanweaponry:katana_stone":1,"pamhc2crops:radishseeditem":3,"pamhc2crops:rhubarbseeditem":2,"minecraft:birch_planks":4,"pamhc2crops:zucchiniseeditem":9,"pamhc2crops:tealeafseeditem":3,"minecraft:paper":18,"minecraft:stick":172,"quark:oak_chest":13,"minecraft:iron_ingot":32,"minecraft:iron_pickaxe":4,"minecraft:iron_block":4,"minecraft:stone_sword":1,"pamhc2foodcore:juiceritem":1,"minecraft:gold_ingot":0,"minecraft:black_bed":1,"pamhc2foodcore:potitem":1,"tac:workbench":1,"pamhc2crops:rutabagaseeditem":1,"pamhc2crops:leekseeditem":2,"minecraft:wooden_sword":2,"minecraft:stone_shovel":4,"pamhc2crops:okraseeditem":1,"undead:bloodshell_helmet":1,"minecraft:furnace":1,"pamhc2crops:blackberryseeditem":2,"minecraft:bone_meal":42,"pamhc2crops:ryeseeditem":1,"undead:acidgooshell":1,"undead:blackbandage":18,"woodarmor:stone_leggings":1,"pamhc2trees:apple_sapling":1,"pamhc2crops:juteseeditem":2,"woodarmor:stone_helmet":1,"pamhc2crops:quinoaseeditem":1,"pamhc2crops:peasseeditem":2,"minecraft:ladder":84,"pamhc2crops:sweetpotatoseeditem":3,"minecraft:stone_pickaxe":7,"pamhc2trees:cherry_sapling":1,"usefulbackpacks:backpack_medium":1,"pamhc2crops:raspberryseeditem":2,"pamhc2foodcore:fruitpunchitem":23,"spartanshields:shield_tower_wood":1,"minecraft:red_dye":1,"pamhc2foodcore:saucepanitem":1,"ironchest:wood_to_iron_chest_upgrade":1,"spartanweaponry:pole":4,"pamhc2trees:spiderweb_sapling":1,"spartanweaponry:handle":4,"minecraft:bucket":2,"spartanweaponry:saber_iron":1,"minecraft:stone_axe":2,"minecraft:air":0,"minecraft:blue_dye":1,"pamhc2crops:celeryseeditem":1,"pamhc2crops:garlicseeditem":4,"minecraft:white_wool":9,"pamhc2crops:oatsseeditem":2,"minecraft:gunpowder":8,"minecraft:wooden_axe":2,"pamhc2crops:kohlrabiseeditem":2,"minecraft:anvil":1,"spartanweaponry:boomerang_iron":1,"minecraft:white_bed":1,"woodarmor:stone_chestplate":1,"pamhc2crops:tomatoseeditem":3,"pamhc2crops:cabbageseeditem":1,"minecraft:torch":132,"spartanweaponry:boomerang_wood":2,"pamhc2crops:spiceleafseeditem":3,"woodarmor:wooden_boots":1,"woodarmor:wooden_helmet":1}},"DataVersion":2586}